{
  "XLM/USDT": [
    {
      "train_loss": 0.011456180976915963,
      "train_arbitrage_acc": 0.0023734177215189874,
      "val_loss": 0.04066915214061737,
      "val_arbitrage_acc": 0.015808823704719543
    }
  ],
  "HBAR/USDT": [
    {
      "train_loss": 0.010956353024591374,
      "train_arbitrage_acc": 0.007515822784810127,
      "val_loss": 0.0410588413476944,
      "val_arbitrage_acc": 0.030882352590560914
    }
  ],
  "metadata": {
    "timestamp": "20260306_153843",
    "training_time_seconds": 15.010314226150513,
    "gpu_available": false,
    "config": {
      "pairs": [
        "XLM/USDT",
        "HBAR/USDT"
      ],
      "all_pairs": false,
      "epochs": 1,
      "batch_size": 256,
      "learning_rate": 0.0001,
      "gradient_clip": 1.0,
      "gpu_device": 0,
      "memory_fraction": 0.8,
      "mixed_precision": false,
      "gpu_monitor": true,
      "tensorboard": false,
      "wandb": false,
      "safe_mode": false,
      "checkpoint_freq": 10
    }
  }
}